ID,Order,Name (AZ),Name (EN),Description (AZ),Description (EN),Website,Card Image Link,Word File (AZ),Word File (EN),Presentation (AZ),Presentation (EN),Created At
339289b3-4f3e-47aa-bdc0-0bf35b5e8452,0,TexnoCode MMC,TexnoCode LLC,"Müasir texnologiya həlləri təqdim edən innovativ IT şirkəti. Web development, mobil tətbiqlər, süni intellekt və rəqəmsal transformasiya sahəsində peşəkar xidmətlər göstərir.","An innovative IT company delivering modern technology solutions in web development, mobile applications, artificial intelligence, and digital transformation services.",https://texnocode.com/,https://projects-back.siradzu.com/uploads/cardImage-adsaz-tasaram-1779105736478.png,https://projects-back.siradzu.com/uploads/word_az-texnocode-mvp-az-1779105736486.docx,https://projects-back.siradzu.com/uploads/word_en-texnocode-mvp-eng-1779105736487.docx,https://projects-back.siradzu.com/uploads/ppt_az-limitsiz-innovasiya-1779105736487.pptx,https://projects-back.siradzu.com/uploads/ppt_en-limitsiz-innovasiya-1779105736826.pptx,2026-05-18T12:02:17.201Z
e5c4c300-ff75-4d90-98f1-334bac3beb9d,1,Buyonida MMC,Buyonida LLC,"BUYONIDA istifadəçilərə öz vebsaytlarını sürətli, sadə və AI dəstəyi ilə yaratmağa imkan verən rəqəmsal platformadır. Sistem fərdi şəxslər, kiçik bizneslər və brendlər üçün texniki bilik tələb etmədən müasir web həlləri təqdim edir. Platformanın əsas məqsədi Azərbaycanda vebsayt qurulmasını daha əlçatan, sürətli və ağıllı hala gətirməkdir.","BUYONIDA is a digital platform that enables users to build their own websites quickly, easily, and with AI-powered assistance. The system provides modern web solutions for individuals, small businesses, and brands without requiring technical expertise. Its main goal is to make website creation in Azerbaijan more accessible, faster, and smarter.",https://buyonida.com/,https://projects-back.siradzu.com/uploads/cardImage-bir-basilak-ekleyin-2-1779355540626.png,https://projects-back.siradzu.com/uploads/word_az-buyonida-mvp-az-1779355540634.docx,https://projects-back.siradzu.com/uploads/word_en-buyonida-mvp-eng-1779355540634.docx,,https://projects-back.siradzu.com/uploads/ppt_en-buyonida-pitchdeck-26-02-en-1779355540635.pptx,2026-05-21T09:25:41.518Z
47242028-d192-48d6-8826-5f63d88bcc20,2,Edusaz,Edusaz,"EDUSAZ təhsil prosesini daha sürətli, rahat və rəqəmsal şəkildə idarə etməyə imkan verən ağıllı edu-platformadır. Sistem tələbələr, müəllimlər və təhsil müəssisələri üçün qeydiyyat, öyrənmə, idarəetmə və kommunikasiya proseslərini vahid ekosistemdə birləşdirir. Platformanın əsas məqsədi təhsili daha əlçatan, interaktiv və müasir texnologiyalarla dəstəklənən bir təcrübəyə çevirməkdir.","EDUSAZ is a smart education platform designed to simplify and digitize the learning experience. The system unifies registration, learning, management, and communication processes for students, teachers, and educational institutions within a single ecosystem. Its core mission is to make education more accessible, interactive, and powered by modern technology.",https://edusaz.com/,https://projects-back.siradzu.com/uploads/cardImage-bir-basilak-ekleyin-4-1779360535581.png,https://projects-back.siradzu.com/uploads/word_az-edusaz-mvp-az-1779360535583.docx,https://projects-back.siradzu.com/uploads/word_en-edusaz-mvp-eng-1779360535583.docx,,https://projects-back.siradzu.com/uploads/ppt_en-edusaz-learning-made-simple-1779360535583.pptx,2026-05-21T10:48:55.877Z
e39bf0b1-a3ca-420a-8174-5727d17dd107,3,Adezula,Adezula,"ADEZULA qadınlar üçün xüsusi hazırlanmış təhlükəsiz və hörmətli rəqəmsal platformadır. Platforma istifadəçilərin özlərini qorunmuş və dəyərli hiss edərək ünsiyyət qurması, öyrənməsi və inkişaf etməsi üçün sakin bir mühit yaradır. Burada məxfilik, mənalı əlaqələr və şəxsi inkişaf ön plandadır, zərərli məzmun və təzyiqə yer verilmir.","ADEZULA is a safe and respectful digital platform designed specifically for women. It provides a calm environment where users can connect, learn, and grow while feeling protected and valued. The platform focuses on privacy, meaningful interaction, and personal development without pressure or harmful content.",https://adezula.com/,https://projects-back.siradzu.com/uploads/cardImage-bir-basilak-ekleyin-11-1779689492159.png,https://projects-back.siradzu.com/uploads/word_az-adezula-mvp-1779689492169.docx,https://projects-back.siradzu.com/uploads/word_en-adezula-mvp-eng-1779689492170.docx,,https://projects-back.siradzu.com/uploads/ppt_en-adezula-presentation-1779689492172.pdf,2026-05-25T06:11:33.086Z
a67ade87-327b-482e-813a-ce1f4d0f7c9b,4,Shafransa Sİ,Shafransa AI,"SHAFRANSA insanların daha məlumatlı və təbii sağlamlıq seçimlərini araşdırmasına kömək edən AI dəstəklı wellness platformasıdır. Platforma ənənəvi bitki biliklərini, ekspert yönləndirməsini və təbii məhsulları vahid rəqəmsal ekosistemdə birləşdirir. SHAFRANSA təbii sağlamlıq məlumatlarını daha sadə, strukturlaşdırılmış və etibarlı hala gətirərək insanların rifaha daha balanslı yanaşmasını dəstəkləyir.","SHAFRANSA is a natural wellness and AI-supported health platform designed to help people explore safer and more informed natural health solutions. The platform connects traditional herbal knowledge, expert guidance, and natural products within one accessible digital ecosystem. SHAFRANSA promotes a more balanced and conscious approach to well-being by making natural health information simple, structured, and easier to trust.",https://shafransa.com/,https://projects-back.siradzu.com/uploads/cardImage-bir-basilak-ekleyin-20-1779693747172.png,https://projects-back.siradzu.com/uploads/word_az-shafransa-mvp-az-1779693747180.docx,https://projects-back.siradzu.com/uploads/word_en-shafransa-mvp-eng-1779693747180.docx,,https://projects-back.siradzu.com/uploads/ppt_en-the-intersection-of-botanical-science-and-artificial-intelligence-1-1779693747180.pptx,2026-05-25T07:22:27.900Z
01bff90e-584e-4a42-8f96-3ffd642d98e1,5,Nintel MMC,Nintel LLC,"NINTEL təşkilatlara ictimai rəyi anlamaq və riskləri real vaxtda aşkar etmək üçün hazırlanmış inkişaf etmiş sosial media monitorinqi və media analitika platformasıdır. Platforma AI əsaslı sentiment analizi və rəqəmsal intellekt texnologiyaları vasitəsilə trendləri, auditoriya davranışını, reputasiya risklərini və strateji imkanları izləyir. NINTEL şirkətlərə, dövlət qurumlarına və brendlərə daha sürətli, ağıllı və məlumat əsaslı qərarlar verməyə imkan yaradır.","NINTEL is an advanced social media monitoring and media analytics platform that helps organizations understand public opinion and detect risks in real time. The platform uses AI-powered sentiment analysis and digital intelligence tools to track trends, audience behavior, reputation risks, and strategic opportunities across online platforms. NINTEL enables businesses, governments, and brands to make faster, smarter, and data-driven communication decisions.",https://www.nintel.az/,https://projects-back.siradzu.com/uploads/cardImage-bir-basilak-ekleyin-17-1779691957035.png,https://projects-back.siradzu.com/uploads/word_az-nintel-mvp-az-1779691957035.docx,https://projects-back.siradzu.com/uploads/word_en-nintel-mvp-eng-1779691957035.docx,https://projects-back.siradzu.com/uploads/ppt_az-nintel-teqdimat-3-1-1779691957035.pdf,,2026-05-25T06:52:37.251Z
695118d1-67d5-4d51-a64e-3358c791ef4c,6,Sinadel,Sinadel,"Sinadel vətəndaşların ictimai və xidmət problemlərini şəffaf, izlənilə bilən və strukturlaşdırılmış şəkildə bildirməsinə imkan yaradan civic-tech platformasıdır. Platforma istifadəçilərə anonim və ya açıq şəkildə müraciət etməyə imkan verir, təşkilatlar isə məsuliyyət və xidmət keyfiyyətini artırmaq üçün strukturlaşdırılmış hesabatlar əldə edir. Sinadel şikayətlərin itib-batmadığı, həll prosesinin izlənilə bildiyi daha təhlükəsiz və əlaqəli kommunikasiya ekosistemi yaradır.","Sinadel is a civic-tech platform that enables citizens to report public and service-related issues in a transparent, trackable, and structured way. The platform allows users to submit feedback anonymously or publicly while organizations receive organized reports to improve accountability and service quality. Sinadel creates a safer and more connected communication ecosystem where complaints can be followed until resolution instead of being ignored or lost.",https://sinadel.com/,https://projects-back.siradzu.com/uploads/cardImage-bir-basilak-ekleyin-27-1779694790944.png,,,,https://projects-back.siradzu.com/uploads/ppt_en-bir-basilak-ekleyin-27-1779694790944.png,2026-05-25T07:39:50.946Z
6825bee1-fb8a-433f-b659-6f9893f5c8ec,7,Sinorra,Sinorra,"Sinorra istifadə olunmayan resursları ehtiyacı olan insanlar üçün faydalı imkanlara çevirən sosial təsir və human support platformasıdır. Platforma insanları anonim şəkildə şirkətlər, icmalar, mentorlar və təşkilatlarla birləşdirərək resurs, xidmət, təhsil və inkişaf imkanlarına çıxış yaradır. Sinorra insanların yardımı təhlükəsiz, hörmətli və mühakiməsiz şəkildə əldə edə bilməsi üçün dignity-first yanaşmasına fokuslanır.","Sinorra is a social impact and human support platform designed to transform unused resources into meaningful opportunities for people in need. The platform anonymously connects individuals with companies, communities, mentors, and organizations willing to share resources, services, education, and growth opportunities. Sinorra focuses on dignity-first support by creating a safe, respectful, and judgment-free ecosystem where people can access help and personal development opportunities privately.",https://sinorra.com/,https://projects-back.siradzu.com/uploads/cardImage-bir-basilak-ekleyin-25-1779694436012.png,https://projects-back.siradzu.com/uploads/word_az-sinora-mvp-az-1779694436013.docx,https://projects-back.siradzu.com/uploads/word_en-sinorra-mvp-eng-1779694436013.docx,,https://projects-back.siradzu.com/uploads/ppt_en-sinorra-mvp-1-1779694436015.pdf,2026-05-25T07:33:56.202Z
0d830fac-246a-4c0f-bdc0-e2bd471f51e9,8,Kidsina,Kidsina,"Kidsina uşaqlar üçün hazırlanmış təhlükəsiz rəqəmsal platformadır və öyrənmə, sosial ünsiyyət və sağlam vərdiş inkişafını vahid ekosistemdə birləşdirir. Platforma uşaqların təhlükəsiz mühitdə inkişaf etməsinə imkan yaradır, valideynlər isə smart nəzarət və insight sistemi vasitəsilə prosesi izləyə bilir. Kidsina AI dəstəklı təhsil, davranış yönləndirməsi və valideyn təsdiqli təhlükəsizlik funksiyaları ilə uşaqlar üçün daha balanslı və faydalı rəqəmsal təcrübə təqdim edir.","Kidsina is a child-focused digital platform that combines safe social interaction, smart learning, and healthy habit development in one guided ecosystem. The platform creates a protected environment where children can learn, communicate, and grow while parents stay involved through a smart control and insight system. Kidsina uses AI-supported education, behavior guidance, and parent-approved safety features to provide a more balanced and meaningful digital experience for children.",https://kidsina.com/,https://projects-back.siradzu.com/uploads/cardImage-bir-basilak-ekleyin-26-1779694691206.png,,,,https://projects-back.siradzu.com/uploads/ppt_en-kidsina-mvp-1779694691207.pptx,2026-05-25T07:38:11.447Z
1a949d5c-34df-4954-913e-af0145a2a1f9,9,Azvirt InfraOS,Azvirt InfraOS,"AZVIRT INFRAOS AI əsaslı yol, infrastruktur və tikinti əməliyyat platformasıdır. Sistem layihələri, texnikanı, materialları və sahə əməliyyatlarını vahid rəqəmsal ekosistemdə birləşdirərək real vaxt idarəetməsi və risk analitikası təqdim edir. Platformanın əsas məqsədi hər yol və infrastruktur layihəsini “rəqəmsal canlı data obyektinə” çevirməkdir.","AZVIRT INFRAOS is an AI-powered road, infrastructure, and construction operations platform. The system unifies projects, machinery, materials, and field operations into a single digital ecosystem with real-time monitoring and predictive risk analytics. Its core vision is to transform every road and infrastructure project into a “living digital data asset.",,https://projects-back.siradzu.com/uploads/cardImage-bir-basilak-ekleyin-1779353479307.png,https://projects-back.siradzu.com/uploads/word_az-azvirtinfraos-mvp-az-1779353479308.docx,,https://projects-back.siradzu.com/uploads/ppt_az-azvirt-infraos-digital-road-passport-1779353479311.pptx,,2026-05-21T08:51:19.521Z
0a854689-27ab-434a-8d7e-d9b91fe59876,10,Baku MobilityOS,Baku MobilityOS,"BAKU MOBILITY OS AI əsaslı şəhər əməliyyat sistemidir və şəhərin hərəkətini, ritmini və nəqliyyat axınını real vaxtda idarə edir. Platforma AI, Digital Twin və canlı məlumat analitikası vasitəsilə tıxacları yaranmadan öncə proqnozlaşdırır, optimallaşdırır və şəhərin ümumi mobilliyini artırır. Layihənin əsas məqsədi Bakını gələcəyin ağıllı, ritmik və proaktiv urban idarəetmə modelinə çevirməkdir.","BAKU MOBILITY OS is an AI-powered urban operating system that manages city movement, rhythm, and mobility flows in real time. Using AI, Digital Twin technology, and live analytics, the platform predicts and optimizes congestion before it happens while improving the overall efficiency of urban transportation. Its core vision is to transform Baku into a smart, rhythmic, and proactive city orchestration model of the future.",,https://projects-back.siradzu.com/uploads/cardImage-bir-basilak-ekleyin-1-1779354369080.png,https://projects-back.siradzu.com/uploads/word_az-bakumobilityos-mvp-az-1779354369081.docx,,https://projects-back.siradzu.com/uploads/ppt_az-bir-seher-bir-beyin-bir-hereket-sistemi-1779354369082.pptx,,2026-05-21T09:06:09.270Z
da518095-ff03-4669-aaca-00bbd43b3b1f,11,AzerDigital Bridge,AzerDigital Bridge,"AzerDigital Bridge dövlət qurumları, vətəndaşlar və bizneslər arasında rəqəmsal koordinasiyanı gücləndirən AI əsaslı idarəetmə platformasıdır. Platforma müraciət sistemlərini, regional rəqəmsal göstəriciləri və GovTech əməkdaşlıqlarını vahid ekosistemdə birləşdirir. Məqsəd daha çevik, şəffaf və data əsaslı dövlət idarəçiliyi yaratmaqdır.","AzerDigital Bridge is an AI-powered governance and analytics platform designed to strengthen digital coordination between government institutions, citizens, and businesses. The platform unifies complaint systems, regional digital indicators, and GovTech collaboration tools within a single ecosystem. Its goal is to create a more agile, transparent, and data-driven public administration environment.",,https://projects-back.siradzu.com/uploads/cardImage-bir-basilak-ekleyin-10-1779435076070.png,https://projects-back.siradzu.com/uploads/word_az-azerdigital-bridge-mvp-az-1779435076071.docx,https://projects-back.siradzu.com/uploads/word_en-azerdigital-bridge-mvp-eng-1779435076071.docx,,,2026-05-22T07:31:16.079Z
d1fe5504-9912-4ee6-87e4-9219dd1527d0,12,KBT DigitalOS ,KBT DigitalOS ,"KBT Digital OS tikinti, infrastruktur və obyekt idarəetmə proseslərini vahid rəqəmsal ekosistemdə birləşdirən əməliyyat idarəetmə platformasıdır. Sistem layihələrin, materialların, texnikanın, sənədlərin və sahə əməliyyatlarının real vaxtda izlənməsini təmin edərək rəhbərlik üçün daha sürətli və koordinasiyalı qərarvermə imkanı yaradır. Platformanın əsas məqsədi KBT-nin əməliyyatlarını daha şəffaf, idarəolunan və gələcək rəqəmsal transformasiyaya hazır hala gətirməkdir.","KBT Digital OS is a digital operations management platform that unifies construction, infrastructure, and facility management processes within a single ecosystem. The system enables real-time monitoring of projects, materials, machinery, documents, and field operations while helping management make faster and more coordinated decisions. Its core mission is to make KBT’s operations more transparent, manageable, and ready for future digital transformation.",https://edusaz.com/,https://projects-back.siradzu.com/uploads/cardImage-bir-basilak-ekleyin-9-1779378234086.png,https://projects-back.siradzu.com/uploads/word_az-kbt-digital-os-uzun-mvp-az-1779364114409.docx,,https://projects-back.siradzu.com/uploads/ppt_az-kbt-digital-os-1779364114410.pptx,,2026-05-21T11:48:34.611Z
d0ca7c41-1779-4267-894b-b2f23102469a,13,Baku MoveOS,Baku MoveOS,"BakuMove OS Bakı şəhəri üçün hazırlanmış ağıllı urban mobility və nəqliyyat idarəetmə platformasıdır. Layihə avtobus, metro, taksi, dayanacaq və sərnişin axını məlumatlarını vahid rəqəmsal ekosistemdə birləşdirir. Platforma real vaxt analitikası və AI əsaslı marşrut optimallaşdırılması vasitəsilə sərnişinlərə daha sürətli, rahat və effektiv nəqliyyat təcrübəsi təqdim edir.","BakuMove OS is a smart urban mobility platform designed to improve transportation management in Baku. It brings together buses, metro, taxis, parking systems, and passenger flow data into one intelligent digital ecosystem. The platform uses real-time analytics and AI-powered route optimization to help passengers travel faster, easier, and more comfortably.",,https://projects-back.siradzu.com/uploads/cardImage-bir-basilak-ekleyin-13-1779689795633.png,https://projects-back.siradzu.com/uploads/word_az-bakumove-os-mvp-az-1779689783750.docx,https://projects-back.siradzu.com/uploads/word_en-bakumove-os-mvp-eng-1779689783750.docx,,,2026-05-25T06:16:23.756Z
cdf24722-673e-4fbd-ba64-8c2be7d941f5,14,CosmoLoop,CosmoLoop,"CosmoLoop peyk görüntüləri və AI texnologiyaları əsasında qurulmuş geo-analitika və land intelligence platformasıdır. Platforma torpaq analizi, kənd təsərrüfatı, urban planning və risk idarəetməsi üçün analitik xəritələr və hesabatlar təqdim edir. Layihənin məqsədi mürəkkəb kosmik məlumatları dövlətlər, investorlar və bizneslər üçün praktik və ağıllı qərar sistemlərinə çevirməkdir.","CosmoLoop is an AI-powered geo-analytics and land intelligence platform that transforms satellite data into practical business and planning insights. The platform provides analytical maps and reports for land analysis, agriculture, urban planning, and risk management using satellite imagery and AI technologies. Its goal is to turn complex space data into smart, decision-oriented solutions for governments, investors, and businesses.",,https://projects-back.siradzu.com/uploads/cardImage-bir-basilak-ekleyin-14-1779690269940.png,https://projects-back.siradzu.com/uploads/word_az-cosmoloop-mvp-az-1779690269941.docx,https://projects-back.siradzu.com/uploads/word_en-cosmoloop-mvp-eng-1779690269941.docx,,,2026-05-25T06:24:29.946Z
fb8ccf4d-7932-454e-a0f6-bc6eebaf9311,15,LoopEra,LoopEra,"LOOPERA məhsul tullantılarını azaltmaq və marketlərin satılmamış məhsulları daha effektiv idarə etməsi üçün hazırlanmış ağıllı retail və davamlılıq platformasıdır. Platforma dinamik endirim sistemləri və real vaxt məhsul idarəetməsi vasitəsilə son istifadə tarixinə yaxın məhsulları tullantı əvəzinə dəyərə çevirir. LOOPERA bizneslərin itkilərini azaltdığı, istehlakçıların qənaət etdiyi və davamlılığın inkişaf etdiyi balanslı ekosistem yaradır.","LOOPERA is a smart retail and sustainability platform designed to reduce product waste and help supermarkets manage unsold products more efficiently. The platform uses dynamic discount systems and real-time product management to turn near-expiry items into valuable sales opportunities instead of waste. LOOPERA creates a balanced ecosystem where businesses reduce losses, consumers save money, and sustainability improves.",,https://projects-back.siradzu.com/uploads/cardImage-bir-basilak-ekleyin-15-1779690588554.png,https://projects-back.siradzu.com/uploads/word_az-loopera-mvp-az-1779690588555.docx,https://projects-back.siradzu.com/uploads/word_en-loopera-mvp-eng-1779690588556.docx,,https://projects-back.siradzu.com/uploads/ppt_en-nothing-is-waste-everything-is-value-1779690588556.pptx,2026-05-25T06:29:48.966Z
ad333ebf-d981-44aa-83ac-fdc7cbd85067,16,Psixoloji təhlükəsizlik,Psixi Safe,"PSIXI SAFE insanların emosional vəziyyətlərini daha yaxşı anlamasına kömək edən məxfi və anonim psixoloji rifah platformasıdır. Sadə suallar və AI dəstəklı analiz vasitəsilə platforma istifadəçilərə təzyiqsiz və mühakiməsiz şəkildə özlərini dərk edə biləcəkləri sakit bir məkan yaradır. PSIXI SAFE diaqnozdan çox erkən fərqindəlik, məxfilik və psixoloji təhlükəsizliyə fokuslanır.","PSIXI SAFE is a private and anonymous mental well-being platform designed to help people better understand how they feel emotionally. Through simple questions and AI-supported analysis, the platform creates a calm and judgment-free space where users can reflect on their emotional state without pressure or fear. PSIXI SAFE focuses on early awareness, privacy, and psychological safety rather than diagnosis or social exposure.",,https://projects-back.siradzu.com/uploads/cardImage-bir-basilak-ekleyin-18-1779692728590.png,https://projects-back.siradzu.com/uploads/word_az-psixi-safe-mvp-az-1779692728590.docx,https://projects-back.siradzu.com/uploads/word_en-psixi-safea-mvp-eng-1779692728590.docx,,https://projects-back.siradzu.com/uploads/ppt_en-psixi-tesluikesizlik-mvp-eng-1779692728591.pptx,2026-05-25T07:05:28.662Z
90d9217f-cec3-4796-9f63-0319e654440e,17,REYLTOCITYOS,REYLTOCITYOS,"REYLTO CITY OS daşınmaz əmlakın bütün həyat dövrünü vahid ekosistemdə rəqəmsallaşdıran AI əsaslı proptech və smart building platformasıdır. Platforma əmlak satışı, bina idarəetməsi, sakin xidmətləri, AI analitikası və property intelligence sistemlərini birləşdirərək daha ağıllı və əlaqəli yaşayış mühiti yaradır. REYLTO CITY OS AI dəstəklı analiz və avtomatlaşdırma vasitəsilə binaları və əmlakları ağıllı rəqəmsal aktivlərə çevirir.","REYLTO CITY OS is an AI-powered proptech and smart building platform that digitalizes the entire real estate lifecycle within one integrated ecosystem. The platform combines property sales, building management, resident services, AI analytics, and property intelligence to create smarter and more connected living environments. REYLTO CITY OS transforms buildings and properties into intelligent digital assets through AI-driven analysis, automation, and resident-focused technologies.",,https://projects-back.siradzu.com/uploads/cardImage-bir-basilak-ekleyin-19-1779693034470.png,https://projects-back.siradzu.com/uploads/word_az-reyltocityos-mvp-az-1779693034470.docx,,https://projects-back.siradzu.com/uploads/ppt_az-reylto-city-os-1-1779693034471.pptx,,2026-05-25T07:10:34.629Z
ffd71e60-7fb6-4a69-a199-a0cf99cdd762,18,SilkMind,SilkMind,"TradeRoute AI / SilkMind Cargo OS beynəlxalq ticarət, ixrac və logistika proseslərini optimallaşdırmaq üçün hazırlanmış AI əsaslı qlobal əməliyyat sistemidir. Platforma export intelligence, logistika marşrutlaşdırılması, gömrük uyğunluğu, cargo risk analizi və AI əsaslı qərarvermə sistemlərini vahid ekosistemdə birləşdirir. TradeRoute AI ixracatçılara, logistika şirkətlərinə və cargo operatorlarına proqnozlaşdırıcı analitika və ağıllı avtomatlaşdırma vasitəsilə daha sürətli, təhlükəsiz və effektiv qərarlar verməyə kömək edir.","TradeRoute AI / SilkMind Cargo OS is an AI-powered global trade, export, and logistics operating system designed to optimize international cargo operations and supply chains. The platform combines export intelligence, logistics routing, customs compliance, cargo risk analysis, and AI-powered decision systems within one integrated ecosystem. TradeRoute AI helps exporters, logistics companies, and cargo operators make faster, safer, and smarter international trade decisions through predictive analytics and intelligent automation.",,https://projects-back.siradzu.com/uploads/cardImage-bir-basilak-ekleyin-22-1779694095928.png,https://projects-back.siradzu.com/uploads/word_az-siklmind-mvp-az-1779694095928.docx,,,,2026-05-25T07:28:15.930Z
8d24af54-5663-4320-a7d3-a04344720246,19,SilkMind Karqo,SilkMind Cargo,"SilkMind Cargo OS beynəlxalq logistika və cargo əməliyyatlarını daha ağıllı, təhlükəsiz və proqnozlaşdırıla bilən hala gətirmək üçün hazırlanmış AI əsaslı platformadır. Platforma cargo izləmə, risk analizi, sənəd yoxlanışı və əməliyyat intellektini vahid rəqəmsal ekosistemdə birləşdirir. SilkMind Cargo OS logistika operatorlarına və cargo şirkətlərinə AI dəstəklı qərarvermə vasitəsilə gecikmələri azaltmağa, riskləri erkən aşkar etməyə və beynəlxalq daşımaları daha effektiv idarə etməyə kömək edir.","SilkMind Cargo OS is an AI-powered logistics and cargo intelligence platform designed to make international cargo operations smarter, safer, and more predictable. The platform combines cargo tracking, risk analysis, document verification, and operational intelligence within one unified digital ecosystem. SilkMind Cargo OS helps logistics operators and cargo companies reduce delays, detect risks early, and manage global shipping processes more efficiently through AI-driven decision support.",,https://projects-back.siradzu.com/uploads/cardImage-bir-basilak-ekleyin-23-1779694190964.png,https://projects-back.siradzu.com/uploads/word_az-silkmind-cargo-os-mvp-az-1779694190964.docx,https://projects-back.siradzu.com/uploads/word_en-silkmind-cargo-os-mvp-eng-1779694190965.docx,,,2026-05-25T07:29:50.966Z
